ECONOMIC ACTIVITY,"Agriculture, Livestock, forestry and fishing",Crops,Livestock,Forestry and logging,Fishing and aquaculture,Mining and quarrying,Manufacturing,"Food products, beverages and tobacco","Textiles, apparel and leather products",Metal products,Machinery and equipment,Other manufactured goods,"Electricity, gas, water supply & other utility services",Construction,"Trade, repair, hotels and restaurants",Trade & repair services,Hotels & restaurants,"Transport, storage, communication & services related to broadcasting",Railways,Transport by other means *,Road transport,Water transport,Air transport,Services incidental to transport,Storage,Communication & services related to broadcasting,Financial services,"Real estate, ownership of dwellings & professional services",Public administration and defence,Other services,TOTAL GVA,*FISIM adjusted breakup of Transport by other means are available 2004-05 onwards
1950-51,"2,95,745","1,84,224","53,082","90,612","4,913","14,033","43,927","7,421","8,643","6,492","2,458","13,271","1,466","25,632","26,405","24,323","2,123","9,241","3,931","5,490",,,,,303,682,"4,463","55,845","13,247","22,814","4,79,210",
1951-52,"3,00,156","1,87,245","53,935","90,403","5,216","15,762","45,314","7,531","8,952","6,646","2,517","13,589","1,636","27,383","27,012","24,807","2,271","9,589","3,990","5,738",,,,,323,725,"4,600","57,117","13,562","23,550","4,90,399",
1952-53,"3,09,623","1,95,034","56,189","85,540","5,503","16,126","46,891","7,699","9,615","6,536","1,901","13,848","1,711","25,399","27,959","25,776","2,220","9,831","3,920","5,989",,,,,323,767,"5,380","58,468","13,696","24,124","5,04,316",
1953-54,"3,33,466","2,12,573","61,206","82,811","5,621","16,368","50,520","7,950","10,420","6,837","2,141","14,550","1,844","26,183","29,021","26,729","2,318","10,179","3,955","6,263",,,,,333,808,"5,200","59,818","14,294","24,757","5,35,010",
1954-55,"3,43,269","2,18,517","62,896","85,924","6,042","17,068","54,060","8,416","10,774","8,005","3,003","15,800","2,004","29,421","31,045","28,579","2,463","10,691","4,151","6,577",,,,,333,868,"5,873","61,162","15,093","25,462","5,57,724",
1955-56,"3,40,303","2,15,284","61,976","89,388","6,534","17,337","58,293","8,886","11,190","8,556","4,319","17,748","2,227","34,994","33,337","30,643","2,659","11,446","4,588","6,982",,,,,333,945,"6,710","62,598","15,689","26,155","5,72,009",
1956-57,"3,58,802","2,28,170","65,659","88,793","7,258","18,219","62,671","9,491","12,023","9,081","5,583","19,246","2,430","39,017","35,693","32,781","2,848","12,383","5,001","7,491",,,,,354,"1,029","6,626","64,012","16,817","26,825","6,04,571",
1957-58,"3,42,685","2,16,574","62,309","89,108","7,427","19,404","65,085","9,933","12,162","9,395","5,792","20,743","2,803","34,246","36,452","33,423","2,898","13,164","5,506","7,899",,,,,354,"1,048","7,426","65,484","18,130","27,682","5,97,260",
1958-59,"3,77,214","2,40,931","69,268","88,898","7,750","20,009","68,309","10,635","12,246","10,228","5,086","22,390","3,160","38,268","37,977","34,754","3,040","14,145","5,554","8,765",,,,,364,"1,143","7,861","66,948","19,243","28,580","6,42,587",
1959-60,"3,73,416","2,37,416","68,259","92,047","7,817","21,039","72,948","10,931","12,354","12,810","5,564","25,001","3,641","40,893","40,370","36,917","3,189","15,012","5,967","9,241",,,,,374,"1,227","8,752","68,491","20,490","29,538","6,56,649",
1960-61,"3,98,566","2,54,708","73,243","93,026","8,356","24,189","79,001","11,918","12,876","16,256","5,940","27,244","3,939","47,295","44,063","40,290","3,542","16,044","6,198","9,907",,,,,394,"1,268","8,836","70,254","21,833","30,746","7,03,138",
1961-62,"3,98,902","2,53,887","72,991","96,735","8,592","25,582","85,747","12,534","13,569","19,149","6,052","29,365","4,504","48,957","46,882","42,890","3,737","17,147","6,485","10,769",,,,,404,"1,382","9,981","71,988","23,231","31,947","7,24,957",
1962-63,"3,90,967","2,48,438","71,459","96,945","8,155","28,617","91,989","12,411","14,537","21,547","6,704","31,861","5,058","50,780","49,340","45,155","3,933","18,484","7,003","11,554",,,,,414,"1,520","10,627","73,993","26,241","33,337","7,40,293",
1963-64,"4,00,113","2,53,092","72,733","1,02,613","8,914","29,465","1,00,690","11,861","15,347","27,135","8,526","34,164","5,978","56,979","52,954","48,454","4,226","19,663","7,416","12,223",,,,,414,"1,699","11,126","76,075","29,171","34,728","7,77,773",
1964-65,"4,37,020","2,79,242","80,191","1,00,828","9,807","29,889","1,07,652","12,624","16,291","32,056","9,103","35,178","6,526","61,557","56,843","52,024","4,519","20,653","7,518","13,033",,,,,414,"1,837","11,551","78,101","32,303","36,238","8,36,759",
1965-66,"3,88,764","2,41,629","69,417","1,14,298","9,807","33,403","1,08,652","13,347","16,006","30,984","9,287","36,701","7,211","65,665","57,204","52,345","4,570","21,746","8,095","13,527",,,,,445,"1,951","12,063","80,284","33,453","37,751","8,06,176",
1966-67,"3,83,233","2,36,100","67,848","1,19,930","10,161","34,190","1,09,507","13,115","16,140","29,766","9,512","38,165","7,839","71,063","58,599","53,640","4,668","22,431","8,221","13,986",,,,,465,"2,064","11,906","82,480","35,584","39,104","8,14,381",
1967-68,"4,40,223","2,76,407","79,415","1,19,406","10,602","35,227","1,09,931","11,737","16,417","26,856","9,648","39,654","8,706","76,174","60,731","55,575","4,863","23,811","8,462","15,105",,,,,485,"2,172","12,224","84,847","37,156","40,524","8,80,655",
1968-69,"4,39,527","2,75,453","79,080","1,19,895","11,243","36,223","1,16,020","12,373","16,907","27,939","9,730","42,811","9,828","78,839","63,355","57,983","5,068","25,036","8,760","16,044",,,,,536,"2,238","13,878","87,101","39,464","41,914","9,03,637",
1969-70,"4,67,777","2,95,421","84,778","1,19,580","11,514","38,013","1,28,467","16,583","18,221","30,664","11,035","47,655","10,711","81,290","66,738","61,113","5,314","26,440","9,072","17,133",,,,,546,"2,357","15,160","89,518","42,907","43,416","9,62,522",
1970-71,"5,00,953","3,17,314","90,942","1,25,388","11,817","35,408","1,31,485","13,540","16,465","35,441","11,015","50,384","11,377","81,110","70,323","64,394","5,608","27,378","9,348","17,642",,,,,515,"2,555","16,523","91,785","46,528","45,078","10,10,777",
1971-72,"4,91,548","3,08,863","88,546","1,30,881","12,577","36,344","1,35,781","12,400","16,513","36,308","12,305","52,360","12,301","81,464","71,697","65,633","5,724","28,255","9,761","18,036",,,,,525,"2,704","18,314","94,877","49,783","46,229","10,20,983",
1972-73,"4,66,880","2,91,482","83,523","1,29,761","12,915","38,491","1,41,104","12,819","17,796","34,098","13,125","53,345","12,869","83,377","71,964","65,849","5,743","30,312","10,164","19,734",,,,,546,"2,854","19,469","97,721","51,599","47,631","10,17,730",
1973-74,"5,00,504","3,16,043","90,517","1,26,123","13,285","38,975","1,47,382","11,311","20,019","37,702","12,317","52,504","13,157","77,961","75,007","68,662","5,989","31,560","9,439","21,416",,,,,515,"3,064","19,597","1,00,799","54,121","48,131","10,64,051",
1974-75,"4,92,880","3,07,335","88,066","1,37,108","14,300","40,907","1,51,678","12,198","20,838","41,530","12,196","54,248","13,753","75,480","78,433","71,848","6,267","34,642","9,887","23,894",,,,,556,"3,189","17,735","1,03,898","56,225","50,677","10,76,403",
1975-76,"5,56,411","3,50,962","1,00,430","1,40,887","15,177","45,867","1,54,876","13,921","20,589","41,902","11,488","55,422","15,743","86,240","85,770","78,675","6,863","37,522","11,106","25,612",,,,,798,"3,405","21,060","1,07,218","59,059","51,817","11,73,327",
1976-77,"5,24,260","3,29,618","94,262","1,36,199","14,669","47,496","1,68,458","15,419","20,807","47,128","13,341","62,567","17,551","94,674","88,683","81,446","7,118","40,204","11,889","27,113",,,,,"1,085","3,692","25,513","1,10,566","61,551","52,608","11,87,992",
1977-78,"5,76,877","3,70,868","1,05,904","1,20,560","14,669","48,983","1,78,943","16,692","22,660","47,847","13,858","62,982","18,388","1,04,256","96,085","88,185","7,717","41,227","12,474","27,455",,,,,"1,084","3,865","27,749","1,14,163","64,114","53,418","12,76,734",
1978-79,"5,90,159","3,78,260","1,07,894","1,27,102","15,377","50,312","2,01,046","18,933","26,957","51,110","16,321","65,269","20,485","1,01,931","1,04,462","95,869","8,383","44,057","12,383","30,033",,,,,"1,180","4,123","32,122","1,17,909","68,849","54,337","13,46,988",
1979-80,"5,14,768","3,27,718","93,535","1,15,802","15,275","50,854","1,94,570","16,625","27,284","48,530","16,067","64,067","20,737","96,551","1,01,087","92,675","8,090","46,547","12,565","32,107",,,,,"1,284","4,458","31,014","1,21,897","73,716","58,413","12,76,924",
1980-81,"5,81,113","3,75,037","1,06,367","1,14,123","15,547","57,053","1,94,948","14,693","28,305","51,988","16,559","59,896","21,929","1,09,278","1,06,349","97,527","8,553","49,671","12,910","34,982",,,,,"1,241","4,775","30,977","1,25,572","75,526","59,506","13,68,481",
1981-82,"6,07,854","3,93,219","1,11,580","1,17,338","15,680","64,849","2,10,875","17,483","27,655","56,461","18,251","64,485","24,008","1,15,262","1,12,408","1,03,713","8,320","53,157","14,082","37,062",,,,,"1,334","5,146","33,226","1,36,293","77,221","60,703","14,45,466",
1982-83,"6,06,146","3,92,669","1,11,388","1,15,074","15,507","72,559","2,17,809","20,544","27,590","55,052","21,014","70,831","25,589","1,07,168","1,19,243","1,09,118","9,858","55,392","14,345","39,016",,,,,"1,358","5,387","37,746","1,46,664","84,913","64,504","14,87,737",
1983-84,"6,67,494","4,34,894","1,23,623","1,11,374","18,550","74,659","2,40,095","25,010","30,370","60,382","22,848","79,601","27,356","1,12,955","1,25,407","1,15,127","9,946","58,121","14,217","41,906",,,,,"1,405","5,693","41,299","1,61,340","87,815","67,086","16,04,581",
1984-85,"6,78,075","4,41,347","1,25,465","1,11,840","19,819","75,534","2,50,198","24,264","31,169","64,243","25,963","85,812","30,321","1,16,866","1,30,879","1,20,040","10,507","61,435","14,452","44,753",,,,,"1,525","6,158","44,493","1,73,192","96,074","70,577","16,68,142",
1985-86,"6,80,206","4,42,208","1,25,735","1,12,501","20,473","79,655","2,58,173","24,413","33,374","68,114","22,989","90,715","32,728","1,23,482","1,41,567","1,30,162","10,998","66,050","16,307","47,704",,,,,"1,610","6,258","50,613","1,86,664","1,03,098","73,822","17,37,565",
1986-87,"6,77,420","4,40,478","1,25,122","1,11,101","20,571","89,410","2,72,357","25,267","35,666","63,453","26,656","1,01,924","36,104","1,26,434","1,49,690","1,37,715","11,532","70,429","17,767","50,475",,,,,"1,677","6,649","57,656","2,03,017","1,12,578","78,501","18,12,538",
1987-88,"6,66,664","4,32,871","1,22,872","1,09,067","21,129","92,783","2,87,610","26,586","34,400","68,974","27,150","1,11,311","38,905","1,33,682","1,56,238","1,43,570","12,232","75,307","18,487","54,798",,,,,"1,667","7,040","61,259","2,19,113","1,23,494","82,690","18,76,601",
1988-89,"7,70,928","5,05,791","1,43,883","1,08,467","23,042","1,07,787","3,12,046","34,242","34,870","82,327","29,221","1,17,847","42,678","1,43,080","1,66,618","1,53,110","13,042","78,591","18,301","58,468",,,,,"1,613","7,361","68,103","2,38,814","1,31,180","87,667","20,67,262",
1989-90,"7,80,096","5,07,790","1,44,417","1,19,202","25,658","1,15,973","3,39,629","37,120","40,869","81,510","32,647","1,34,037","46,833","1,53,145","1,79,785","1,64,694","14,663","83,595","19,025","62,652",,,,,"1,669","7,881","83,455","2,55,172","1,41,737","94,659","21,94,057",
1990-91,"8,11,417","5,29,515","1,50,741","1,17,622","26,899","1,28,109","3,55,841","33,939","44,028","90,525","35,306","1,45,278","49,965","1,71,198","1,89,201","1,73,017","15,779","87,748","19,888","65,628",,,,,"1,732","8,403","85,097","2,77,887","1,43,540","1,01,457","23,10,015",
1991-92,"7,95,575","5,17,278","1,46,923","1,18,536","27,867","1,32,410","3,47,306","33,783","42,508","91,492","33,283","1,43,369","54,810","1,74,723","1,90,278","1,73,971","15,902","93,397","21,332","69,538",,,,,"1,722","9,024","98,578","2,99,689","1,46,551","1,04,471","23,43,060",
1992-93,"8,48,488","5,53,784","1,57,548","1,15,764","30,249","1,33,629","3,58,039","34,319","43,481","90,788","32,787","1,47,100","58,612","1,80,806","2,01,734","1,84,389","16,925","97,858","20,807","73,561",,,,,"1,760","10,173","1,01,203","3,21,321","1,53,948","1,11,716","24,68,738",
1993-94,"8,76,681","5,71,394","1,62,603","1,15,208","33,641","1,35,487","3,88,799","40,166","54,530","91,779","34,739","1,60,251","63,010","1,81,837","2,15,895","1,97,144","18,328","1,04,416","20,457","79,452",,,,,"1,823","11,524","1,15,641","3,51,127","1,57,905","1,19,340","26,08,995",
1994-95,"9,18,025","5,98,479","1,70,444","1,18,269","35,777","1,48,072","4,30,872","46,493","57,446","1,09,228","45,053","1,69,490","68,918","1,91,622","2,38,213","2,18,529","19,071","1,13,849","20,905","87,429",,,,,"1,865","13,302","1,21,082","3,62,940","1,60,050","1,21,963","27,75,835",
1995-96,"9,11,642","5,92,625","1,68,608","1,17,815","37,625","1,56,758","4,97,491","46,963","53,954","1,36,147","61,519","2,02,839","73,602","2,03,082","2,73,509","2,49,141","23,924","1,25,419","22,594","95,859",,,,,"1,997","15,490","1,34,951","3,84,432","1,70,769","1,31,525","29,78,143",
1996-97,"10,02,079","6,54,264","1,86,585","1,19,594","40,681","1,57,628","5,44,759","48,139","65,276","1,46,607","59,952","2,39,865","77,607","2,06,888","2,95,723","2,68,391","26,994","1,35,410","23,474","1,04,319",,,,,"1,939","17,152","1,46,395","4,02,231","1,77,817","1,45,492","32,15,639",
1997-98,"9,76,489","6,34,816","1,80,711","1,22,526","41,381","1,73,091","5,45,038","54,685","68,595","1,37,513","60,645","2,18,880","83,598","2,28,555","3,18,392","2,88,874","29,168","1,45,197","23,993","1,10,348",,,,,"1,842","20,605","1,73,870","4,29,312","2,03,198","1,50,322","33,53,965",
1998-99,"10,38,207","6,80,006","1,93,998","1,23,973","39,314","1,77,981","5,62,107","55,107","64,044","1,45,304","55,931","2,30,004","89,476","2,42,897","3,43,069","3,09,682","33,242","1,56,009","24,286","1,16,794",,,,,"1,926","24,622","1,89,787","4,58,247","2,24,656","1,65,193","35,78,123",
1999-00,"10,65,918","6,96,377","1,98,707","1,29,442","42,058","1,85,439","5,92,426","56,407","67,459","1,50,091","63,470","2,36,076","94,276","2,63,281","3,68,022","3,31,489","36,492","1,89,792","26,532","1,24,657",,,,,"2,024","30,071","2,14,543","5,19,555","2,54,846","1,82,246","38,64,524",
2000-01,"10,65,837","6,92,155","1,96,942","1,32,927","44,032","1,89,727","6,35,668","61,880","74,324","1,57,128","66,848","2,55,614","96,386","2,79,465","3,87,009","3,48,000","39,035","2,07,207","27,630","1,34,230",,,,,"2,147","37,597","2,09,411","5,58,606","2,59,566","1,95,481","40,24,830",
2001-02,"11,29,863","7,36,860","2,10,032","1,37,011","46,213","1,93,260","6,50,100","62,323","73,128","1,58,248","74,290","2,73,407","98,163","2,90,607","4,24,313","3,82,171","42,099","2,20,661","29,563","1,39,700",,,,,"2,160","44,897","2,26,161","5,87,172","2,66,932","2,05,588","42,41,595",
2002-03,"10,55,244","6,76,907","1,92,430","1,37,921","48,123","2,09,525","6,94,741","71,009","78,306","1,75,678","79,579","2,86,791","1,02,820","3,14,683","4,53,442","4,08,843","44,502","2,45,726","31,233","1,53,969",,,,,"2,015","55,318","2,51,374","6,15,110","2,70,872","2,16,880","44,06,073",
2003-04,"11,50,729","7,50,264","2,13,955","1,36,344","49,844","2,15,181","7,38,764","73,376","76,919","1,90,243","93,566","3,04,539","1,07,560","3,53,801","4,99,127","4,50,616","48,337","2,78,672","33,082","1,72,391",,,,,"2,117","69,590","2,58,122","6,58,416","2,77,229","2,32,789","47,57,084",
2004-05,"11,52,841","7,50,752","2,14,000","1,39,263","48,827","2,32,212","7,93,308","97,295","81,612","1,32,348","1,39,788","3,42,265","1,16,105","4,11,620","5,37,367","4,83,515","53,852","3,15,337","35,495","1,93,265","1,50,600","6,095","1,587","34,983","2,404","84,172","2,78,995","7,06,974","2,95,462","2,52,280","50,92,503",
2005-06,"12,08,285","7,96,926","2,23,793","1,37,100","50,467","2,46,422","8,67,475","1,08,847","95,017","1,51,519","1,59,114","3,52,978","1,23,440","4,64,605","5,93,354","5,31,753","61,600","3,40,028","38,271","2,12,710","1,64,500","6,461","1,961","39,788","2,440","86,608","3,12,009","7,67,647","3,08,660","2,82,302","55,14,228",
2006-07,"12,43,794","8,15,268","2,37,726","1,36,275","54,526","2,57,982","10,21,780","1,43,457","1,13,475","1,75,676","1,90,104","3,99,067","1,33,351","5,14,181","6,53,714","5,84,720","68,994","3,66,055","42,443","2,32,644","1,81,439","6,450","2,577","42,178","2,689","88,278","3,51,907","8,07,555","3,15,270","2,92,778","59,58,367",
2007-08,"13,12,283","8,71,091","2,50,633","1,33,454","57,105","2,69,872","10,93,106","1,48,089","1,10,147","1,83,519","2,07,550","4,43,802","1,44,508","5,74,451","6,94,463","6,18,540","75,923","3,98,564","46,377","2,53,808","1,96,984","6,963","3,150","46,711","2,968","95,411","3,86,282","8,63,402","3,39,457","3,21,908","63,98,295",
2008-09,"13,09,079","8,49,407","2,69,777","1,30,713","59,182","2,63,137","11,44,085","1,53,624","1,24,603","1,89,641","2,38,516","4,37,702","1,51,539","6,06,438","7,01,527","6,28,897","72,631","4,18,103","49,696","2,67,052","2,08,273","7,423","2,933","48,423","2,983","98,372","4,05,932","9,08,597","4,03,444","3,62,334","66,74,215",
2009-10,"12,97,556","8,22,186","2,83,777","1,30,324","61,269","2,78,970","12,69,564","1,60,539","1,41,876","2,08,609","2,82,541","4,75,999","1,60,529","6,47,639","7,23,045","6,50,621","72,425","4,65,802","54,151","2,88,930","2,25,446","7,391","3,386","52,707","4,093","1,18,627","4,35,089","9,64,440","4,71,451","4,17,752","71,31,836",
2010-11,"14,11,634","9,16,216","3,04,475","1,26,279","64,663","3,16,533","13,67,258","1,43,178","1,51,321","2,32,510","3,07,612","5,32,637","1,71,947","6,87,071","8,34,970","7,50,536","84,433","4,93,652","57,021","3,12,567","2,44,325","7,747","3,961","56,533","4,716","1,19,348","4,64,305","10,00,759","4,70,839","4,85,546","77,04,514",
2011-12,"15,01,947","9,82,151","3,27,334","1,24,436","68,027","2,61,035","14,09,986","1,67,524","1,53,238","2,29,627","3,34,670","5,24,927","1,86,668","7,77,334","8,83,583","7,93,682","89,901","5,29,535","61,151","3,37,347","2,62,441","6,911","4,393","63,602","5,107","1,25,930","4,80,226","10,50,652","4,91,155","5,34,826","81,06,948",
,,,,,,,,,,,,,,,,,,,,,,,,,,,,,,,,
Primary,=,,,,,,,,,,,,,,,,,,,,,,,,,,,,,,,
